{
  "hash": "ee13203c",
  "configHash": "199d74ee",
  "lockfileHash": "26204b46",
  "browserHash": "ea5caa51",
  "optimized": {
    "@angular/common": {
      "src": "../../../../../node_modules/@angular/common/fesm2022/common.mjs",
      "file": "@angular_common.js",
      "fileHash": "6d624b8b",
      "needsInterop": false
    },
    "@angular/common/http": {
      "src": "../../../../../node_modules/@angular/common/fesm2022/http.mjs",
      "file": "@angular_common_http.js",
      "fileHash": "45f76cad",
      "needsInterop": false
    },
    "@angular/core": {
      "src": "../../../../../node_modules/@angular/core/fesm2022/core.mjs",
      "file": "@angular_core.js",
      "fileHash": "d37625ff",
      "needsInterop": false
    },
    "@angular/platform-browser": {
      "src": "../../../../../node_modules/@angular/platform-browser/fesm2022/platform-browser.mjs",
      "file": "@angular_platform-browser.js",
      "fileHash": "55fa24da",
      "needsInterop": false
    },
    "@angular/router": {
      "src": "../../../../../node_modules/@angular/router/fesm2022/router.mjs",
      "file": "@angular_router.js",
      "fileHash": "720ce542",
      "needsInterop": false
    },
    "@angular/forms": {
      "src": "../../../../../node_modules/@angular/forms/fesm2022/forms.mjs",
      "file": "@angular_forms.js",
      "fileHash": "c52eeeed",
      "needsInterop": false
    },
    "rxjs": {
      "src": "../../../../../node_modules/rxjs/dist/esm5/index.js",
      "file": "rxjs.js",
      "fileHash": "6c0fd470",
      "needsInterop": false
    }
  },
  "chunks": {
    "chunk-2E6QQ3GH": {
      "file": "chunk-2E6QQ3GH.js"
    },
    "chunk-PEIXIR4L": {
      "file": "chunk-PEIXIR4L.js"
    },
    "chunk-LAKB337D": {
      "file": "chunk-LAKB337D.js"
    },
    "chunk-UA6ZKXZC": {
      "file": "chunk-UA6ZKXZC.js"
    },
    "chunk-D4ZLZFBE": {
      "file": "chunk-D4ZLZFBE.js"
    }
  }
}